Country,Model Comparison,Δ Acc,SD Acc,t Acc,p Acc,Δ MCC,SD MCC,t MCC,p MCC
PAKISTAN,GBM vs FASTAI,0.000934579,0.00339559,0.8703641606142447,0.4067165574224132,0.000650225,0.006755773,0.3043606600819424,0.7677731026315749
