Country,Model Comparison,Δ Acc,SD Acc,t Acc,p Acc,Δ MCC,SD MCC,t MCC,p MCC
PAKISTAN,GBM vs NN_TORCH,-0.000449983,0.003667021,-0.388045294,0.7070013147215799,-0.001045434,0.00754391,-0.438227787,0.6715511012565526
