Country,Model Comparison,Δ Acc,SD Acc,t Acc,p Acc,Δ MCC,SD MCC,t MCC,p MCC
MYANMAR,CAT vs NN_TORCH,0.002697262,0.003800506,2.2443045981518703,0.051480026,0.004093405,0.011802417548266235,1.0967653836527569,0.30122109365201655
