Country,Model Comparison,Δ Acc,SD Acc,t Acc,p Acc,Δ MCC,SD MCC,t MCC,p MCC
MYANMAR,CAT vs NeuralNetFTTransformer,0.009599517,0.006229321,4.931844267421181,0.001087798,0.036073475,0.021418791553307503,5.47574828709535,0.000576911
