Country,Model Comparison,Δ Acc,SD Acc,t Acc,p Acc,Δ MCC,SD MCC,t MCC,p MCC
COMBINE,GBM vs FASTAI,0.001596263,0.001692585,2.9823180844559776,0.015391570159162505,0.002960625,0.002589022,3.6161607865332392,0.005605199
