Country,Model Comparison,Δ Acc,SD Acc,t Acc,p Acc,Δ MCC,SD MCC,t MCC,p MCC
COMBINE,CAT vs NN_TORCH,-0.003270263,0.004388287,-2.356609635,0.042838679,-0.006582679,0.008858108,-2.349966562,0.043307455591609936
