Country,Model Comparison,Δ Acc,SD Acc,t Acc,p Acc,Δ MCC,SD MCC,t MCC,p MCC
INDIA,GBM vs NN_TORCH,-0.000987217,0.001927443,-1.619687462,0.13975161124338073,-0.002485521,0.003839696,-2.047013063,0.070955785
