Country,Model Comparison,Δ Acc,SD Acc,t Acc,p Acc,Δ MCC,SD MCC,t MCC,p MCC
INDIA,GBM vs FASTAI,-0.000562439,0.00681971,-0.260800952,0.8001153836862474,-0.001502452,0.014021971,-0.338837497,0.7425036389653537
